Taxon,habitat
Aegopodium podagraria,ruderal
Agrostis vinealis,sand
Amaranthus retroflexus,ruderal
Anagallis arvensis,ruderal
Anthriscus sylvestris,ruderal
Apera spica-venti,ruderal
Arenaria serpyllifolia agg.,sand
Armeria elongata subsp. elongata,sand
Artemisia vulgaris,ruderal
Atriplex patula,ruderal
Avena fatua,ruderal
Avenella flexuosa,ruderal
Ballota nigra,ruderal
Calamagrostis epigejos,ruderal
Capsella bursa-pastoris,ruderal
Carduus acanthoides,ruderal
Carex stenophylla,sand
Carex supina,sand
Centaurea cyanus,ruderal
Cerastium pumilum agg.,sand
Cerastium semidecandrum,sand
Chaerophyllum aromaticum,ruderal
Chenopodium album agg.,ruderal
Chenopodium polyspermum,ruderal
Cirsium arvense,ruderal
Convolvulus arvensis,ruderal
Corynephorus canescens,sand
Cynodon dactylon,sand
Digitalis purpurea,ruderal
Elymus repens,ruderal
Epilobium angustifolium,ruderal
Erophila verna,sand
Erysimum diffusum,sand
Euphorbia exigua,ruderal
Euphorbia helioscopia,ruderal
Fallopia convolvulus,ruderal
Festuca brevipila,sand
Festuca psammophila subsp. dominii,sand
Festuca psammophila subsp. psammophila,sand
Filago minima,sand
Geranium pusillum,ruderal
Helichrysum arenarium,sand
Herniaria glabra,ruderal
Herniaria glabra,sand
Jasione montana,sand
Koeleria glauca,sand
Lamium amplexicaule,ruderal
Lamium purpureum,ruderal
Lapsana communis,ruderal
Lepidium ruderale,ruderal
Linaria genistifolia,sand
Lolium perenne,ruderal
Matricaria discoidea,ruderal
Melilotus albus,ruderal
Myosotis arvensis,ruderal
Myosotis stricta,sand
Oenothera species,sand
Papaver rhoeas,ruderal
Persicaria maculosa,ruderal
Petasites hybridus,ruderal
Pilosella officinarum,sand
Plantago major,ruderal
Poa annua,ruderal
Polygonum arenastrum,ruderal
Polygonum aviculare,ruderal
Raphanus raphanistrum,ruderal
Rubus idaeus,ruderal
Rumex acetosella,sand
Scleranthus annuus,ruderal
Scleranthus perennis,sand
Sclerochloa dura,ruderal
Senecio sylvaticus,ruderal
Sherardia arvensis,ruderal
Silene noctiflora,ruderal
Silene otites,sand
Silene viscosa,sand
Sinapis arvensis,ruderal
Solidago canadensis,ruderal
Sonchus arvensis,ruderal
Sonchus asper,ruderal
Spergula arvensis,ruderal
Spergula morisonii,sand
Stellaria media,ruderal
Tanacetum vulgare,ruderal
Thlaspi arvense,ruderal
Thymus serpyllum,sand
Trifolium arvense,sand
Trifolium campestre,sand
Tripleurospermum inodorum,ruderal
Urtica dioica,ruderal
Veronica dillenii,sand
Veronica persica,ruderal
Veronica polita,ruderal
Veronica verna,sand
Vicia angustifolia,ruderal
Vicia lathyroides,sand
Viola arvensis,ruderal
Achillea pannonica,dry grassland
Achillea setacea,dry grassland
Aconitum variegatum,ruderal
Adonis aestivalis,ruderal
Aethusa cynapium,ruderal
Agropyron pectinatum,ruderal
Agrostis vinealis,dry grassland
Aira praecox,sand
Alliaria petiolata,ruderal
Amaranthus albus,ruderal
Amaranthus powellii,ruderal
Anthemis arvensis,ruderal
Anthemis cotula,ruderal
Anthemis ruthenica,ruderal
Aphanes arvensis,ruderal
Aphanes australis,ruderal
Arabidopsis thaliana,ruderal
Arctium lappa,ruderal
Arctium minus,ruderal
Arctium tomentosum,ruderal
Armeria elongata subsp. elongata,dry grassland
Arnoseris minima,ruderal
Artemisia absinthium,ruderal
Artemisia campestris,sand
Artemisia campestris,dry grassland
Asperula cynanchica,dry grassland
Astragalus austriacus,dry grassland
Astragalus exscapus,dry grassland
Atriplex sagittata,ruderal
Atriplex tatarica,ruderal
Bassia prostrata,ruderal
Berteroa incana subsp. incana,sand
Berteroa incana subsp. incana,ruderal
Bothriochloa ischaemum,dry grassland
Bromus hordeaceus,ruderal
Bromus sterilis,ruderal
Bromus tectorum,ruderal
Calystegia sepium,ruderal
Camelina microcarpa,ruderal
Carduus crispus,ruderal
Carduus personata,ruderal
Carex humilis,dry grassland
Carex pendula,ruderal
Carex supina,dry grassland
Centaurea stoebe,dry grassland
Chaerophyllum hirsutum,ruderal
Chaerophyllum temulum,ruderal
Chelidonium majus,ruderal
Chenopodium bonus-henricus,ruderal
Chenopodium glaucum,ruderal
Chenopodium hybridum,ruderal
Chenopodium murale,ruderal
Chenopodium vulvaria,ruderal
Cirsium oleraceum,ruderal
Conium maculatum,ruderal
Conringia orientalis,ruderal
Consolida regalis,ruderal
Conyza canadensis,ruderal
Corynephorus canescens,ruderal
Cuscuta europaea,ruderal
Cynodon dactylon,ruderal
Descurainia sophia,ruderal
Dianthus carthusianorum agg.,dry grassland
Dianthus deltoides,sand
Digitaria ischaemum,ruderal
Digitaria sanguinalis,ruderal
Diplotaxis tenuifolia,ruderal
Dysphania botrys,ruderal
Echinochloa crus-galli,ruderal
Echinocystis lobata,ruderal
Echinops sphaerocephalus,ruderal
Echium vulgare,ruderal
Elymus caninus,ruderal
Eragrostis minor,ruderal
Erodium cicutarium,ruderal
Erophila verna,ruderal
Eryngium campestre,dry grassland
Erysimum cheiranthoides,ruderal
Erysimum crepidifolium,dry grassland
Euphorbia cyparissias,dry grassland
Euphrasia stricta,dry grassland
Falcaria vulgaris,ruderal
Festuca valesiaca s. l.,dry grassland
Filago minima,ruderal
Galeopsis tetrahit agg.,ruderal
Galinsoga parviflora,ruderal
Galinsoga quadriradiata,ruderal
Galium aparine,ruderal
Galium spurium,ruderal
Geranium robertianum,ruderal
Geranium sylvaticum,ruderal
Geum urbanum,ruderal
Gnaphalium uliginosum,ruderal
Gypsophila fastigiata,sand
Helictotrichon pratense,dry grassland
Hordeum murinum subsp. murinum,ruderal
Humulus lupulus,ruderal
Hypericum perforatum,dry grassland
Hypochaeris glabra,ruderal
Hypochaeris radicata,sand
Impatiens glandulifera,ruderal
Impatiens parviflora,ruderal
Jasione montana,dry grassland
Jurinea cyanoides,sand
Koeleria macrantha,dry grassland
Lactuca serriola,ruderal
Lamium album,ruderal
Lathyrus tuberosus,ruderal
Lepidium coronopus,ruderal
Lepidium densiflorum,ruderal
Lepidium draba,ruderal
Lycopsis arvensis,ruderal
Malva neglecta,ruderal
Marrubium peregrinum,ruderal
Matricaria chamomilla,ruderal
Medicago falcata,dry grassland
Melilotus officinalis,ruderal
Mercurialis annua,ruderal
Microrrhinum minus,ruderal
Myosotis discolor,ruderal
Myosotis stricta,ruderal
Myosoton aquaticum,ruderal
Myrrhis odorata,ruderal
Neslia paniculata,ruderal
Oenothera species,ruderal
Onopordum acanthium,ruderal
Oxalis stricta,ruderal
Panicum capillare,ruderal
Papaver argemone,ruderal
Papaver dubium agg.,ruderal
Persicaria lapathifolia,ruderal
Petasites kablikianus,ruderal
Peucedanum ostruthium,ruderal
Phalaris arundinacea,ruderal
Phleum phleoides,dry grassland
Pilosella officinarum,dry grassland
Pimpinella saxifraga,dry grassland
Plantago arenaria,ruderal
Poa remota,ruderal
Polygonum aviculare agg.,ruderal
Portulaca oleracea,ruderal
Potentilla argentea,sand
Potentilla incana,dry grassland
Primula elatior,ruderal
Pulsatilla grandis,dry grassland
Reseda lutea,ruderal
Rumex acetosella,dry grassland
Rumex acetosella,ruderal
Rumex alpinus,ruderal
Rumex arifolius,ruderal
Rumex thyrsiflorus,sand
Sagina procumbens,ruderal
Salsola tragus subsp. tragus,ruderal
Salvia nemorosa,dry grassland
Salvia nemorosa,ruderal
Sambucus ebulus,ruderal
Senecio viscosus,ruderal
Seseli hippomarathrum,dry grassland
Setaria pumila,ruderal
Setaria verticillata,ruderal
Setaria viridis,ruderal
Silene baccifera,ruderal
Silene dioica,ruderal
Silene otites,dry grassland
Sisymbrium altissimum,ruderal
Sisymbrium loeselii,ruderal
Sisymbrium officinale,ruderal
Solanum nigrum agg.,ruderal
Sonchus oleraceus,ruderal
Spergularia rubra,ruderal
Spergularia rubra,sand
Stachys palustris,ruderal
Stellaria nemorum,ruderal
Stipa capillata,ruderal
Stipa capillata,dry grassland
Stipa pennata,dry grassland
Stipa pulcherrima,dry grassland
Symphytum officinale,ruderal
Teesdalia nudicaulis,ruderal
Teesdalia nudicaulis,sand
Thymus glabrescens,dry grassland
Thymus pannonicus,dry grassland
Thymus praecox,dry grassland
Torilis japonica,ruderal
Trifolium arvense,dry grassland
Trifolium campestre,dry grassland
Urtica urens,ruderal
Valerianella dentata,ruderal
Veratrum album subsp. lobelianum,ruderal
Verbascum phlomoides,ruderal
Verbascum phoeniceum,dry grassland
Veronica arvensis,ruderal
Veronica hederifolia agg.,ruderal
Veronica prostrata,dry grassland
Veronica spicata,dry grassland
Veronica triphyllos,ruderal
Veronica verna,ruderal
Vicia hirsuta,ruderal
Vicia tetrasperma,ruderal
Viola odorata,ruderal
Viola tricolor subsp. tricolor,ruderal
Vulpia myuros,sand
Achillea pannonica,ruderal
Acinos arvensis,dry grassland
Adonis vernalis,dry grassland
Agrostis capillaris,sand
Ajuga chamaepitys subsp. chamaepitys,ruderal
Allium sphaerocephalon,dry grassland
Allium strictum,dry grassland
Alyssum montanum,dry grassland
Anagallis foemina,ruderal
Androsace septentrionalis,ruderal
Anthemis austriaca,ruderal
Anthericum liliago,dry grassland
Anthriscus cerefolium,ruderal
Anthriscus nitidus,ruderal
Arctium nemorosum,ruderal
Arenaria serpyllifolia agg.,dry grassland
Aristolochia clematitis,ruderal
Artemisia absinthium,sand
Artemisia pontica,dry grassland
Aruncus dioicus,ruderal
Asclepias syriaca,ruderal
Astragalus onobrychis,dry grassland
Atriplex oblongifolia,ruderal
Atriplex prostrata subsp. latifolia,ruderal
Atriplex rosea,ruderal
Atropa bella-donna,ruderal
Bassia scoparia,ruderal
Bidens frondosa,ruderal
Bifora radians,ruderal
Brachypodium sylvaticum,ruderal
Bromus commutatus,ruderal
Bromus inermis,dry grassland
Bromus inermis,ruderal
Bromus japonicus,ruderal
Bromus tectorum,sand
Buglossoides arvensis,ruderal
Bunias orientalis,ruderal
Bupleurum rotundifolium,ruderal
Calamagrostis arundinacea,ruderal
Calamagrostis pseudophragmites,ruderal
Calamagrostis villosa,ruderal
Campanula rapunculoides,ruderal
Campanula sibirica,dry grassland
Cannabis sativa var. sativa,ruderal
Carex hirta,ruderal
Carex hirta,sand
Carex michelii,dry grassland
Carex praecox,sand
Carex remota,ruderal
Carex sylvatica,ruderal
Caucalis platycarpos,ruderal
Cerastium arvense,dry grassland
Cerastium pumilum agg.,ruderal
Cerastium pumilum agg.,dry grassland
Cerinthe minor,ruderal
Chaerophyllum aureum,ruderal
Chaerophyllum bulbosum,ruderal
Chamaecytisus austriacus,dry grassland
Chamaecytisus ratisbonensis,dry grassland
Chenopodium ficifolium,ruderal
Chenopodium urbicum,ruderal
Chondrilla juncea,sand
Cichorium intybus,ruderal
Circaea lutetiana,ruderal
Cirsium vulgare,ruderal
Crambe tataria,dry grassland
Crepis capillaris,ruderal
Crepis foetida subsp. rhoeadifolia,ruderal
Crepis setosa,ruderal
Datura stramonium,ruderal
Daucus carota,ruderal
Dianthus carthusianorum,dry grassland
Dianthus pontederae,sand
Dorycnium pentaphyllum agg.,dry grassland
Dryopteris dilatata,ruderal
Echium vulgare,dry grassland
Epilobium collinum,ruderal
Epilobium hirsutum,ruderal
Epilobium montanum,ruderal
Equisetum ramosissimum,ruderal
Erigeron acris agg.,ruderal
Erigeron annuus agg.,ruderal
Eryngium campestre,ruderal
Eryngium campestre,sand
Erysimum diffusum,dry grassland
Erysimum virgatum agg.,ruderal
Eupatorium cannabinum,ruderal
Euphorbia cyparissias,sand
Euphorbia falcata,ruderal
Fallopia dumetorum,ruderal
Festuca ovina s. l.,sand
Festuca rupicola,ruderal
Festuca rupicola,dry grassland
Fragaria viridis,dry grassland
Fumaria officinalis,ruderal
Fumaria vaillantii,ruderal
Gagea bohemica,dry grassland
Gagea pusilla,dry grassland
Galatella linosyris,dry grassland
Galium glaucum,dry grassland
Galium odoratum,ruderal
Galium saxatile,ruderal
Galium tricornutum,ruderal
Genista pilosa,dry grassland
Glaucium corniculatum,dry grassland
Gymnocarpium dryopteris,ruderal
Helianthus tuberosus,ruderal
Heracleum mantegazzianum,ruderal
Heracleum sphondylium,ruderal
Hibiscus trionum,ruderal
Hypericum hirsutum,ruderal
Hypericum perforatum,sand
Impatiens noli-tangere,ruderal
Inula ensifolia,dry grassland
Inula hirta,dry grassland
Inula oculus-christi,dry grassland
Iris pumila,dry grassland
Iva xanthiifolia,ruderal
Jurinea mollis,dry grassland
Koeleria pyramidata,dry grassland
Lactuca perennis,dry grassland
Lappula squarrosa,ruderal
Leonurus cardiaca,ruderal
Linaria genistifolia,dry grassland
Linaria vulgaris,ruderal
Linum austriacum,dry grassland
Lunaria rediviva,ruderal
Malva pusilla,ruderal
Medicago lupulina,ruderal
Medicago minima,dry grassland
Medicago prostrata,dry grassland
Melica nutans,ruderal
Melica transsilvanica,dry grassland
Myosotis stricta,dry grassland
Nonea pulla,ruderal
Oreopteris limbosperma,ruderal
Oxalis acetosella,ruderal
Oxytropis pilosa,dry grassland
Panicum miliaceum,ruderal
Parietaria officinalis,ruderal
Pastinaca sativa,ruderal
Persicaria mitis,ruderal
Petasites albus,ruderal
Phegopteris connectilis,ruderal
Picris hieracioides,ruderal
Pilosella bauhini,dry grassland
Pilosella echioides,dry grassland
Plantago arenaria,sand
Plantago media,dry grassland
Poa bulbosa,dry grassland
Poa compressa,ruderal
Poa palustris,ruderal
Potentilla anserina,ruderal
Potentilla argentea,ruderal
Potentilla collina,sand
Potentilla verna,dry grassland
Pteridium aquilinum,ruderal
Puccinellia distans,ruderal
Pulsatilla pratensis subsp. bohemica,dry grassland
Reseda luteola,ruderal
Reynoutria japonica,ruderal
Reynoutria sachalinensis,ruderal
Rubus caesius,ruderal
Rubus fruticosus agg.,ruderal
Rumex patientia,ruderal
Rumex thyrsiflorus,ruderal
Salvia glutinosa,ruderal
Saponaria officinalis,ruderal
Scrophularia vernalis,ruderal
Sedum album,dry grassland
Sedum reflexum,dry grassland
Sedum sexangulare,sand
Sedum sexangulare,dry grassland
Senecio ovatus,ruderal
Senecio vulgaris,ruderal
Seseli osseum,dry grassland
Seseli pallasii,dry grassland
Silene latifolia subsp. alba,ruderal
Sisymbrium orientale subsp. orientale,ruderal
Solidago gigantea,ruderal
Stachys annua,ruderal
Stachys recta,dry grassland
Stachys sylvatica,ruderal
Stipa borysthenica,sand
Stipa dasyphylla,dry grassland
Stipa glabrata,dry grassland
Stipa tirsa,dry grassland
Symphyotrichum novi-belgii agg.,ruderal
Taraxacum sect. Erythrosperma,sand
Taraxacum serotinum,dry grassland
Teucrium chamaedrys,dry grassland
Teucrium chamaedrys,sand
Thalictrum minus,dry grassland
Thymus pulegioides,dry grassland
Trifolium arvense,ruderal
Tussilago farfara,ruderal
Vaccinium myrtillus,ruderal
Valerianella carinata,dry grassland
Verbascum blattaria,ruderal
Verbascum densiflorum,ruderal
Verbascum lychnitis,dry grassland
Verbascum phoeniceum,sand
Verbascum thapsus,ruderal
Veronica triloba,ruderal
Veronica verna,dry grassland
Viola ambigua,dry grassland
Viola riviniana,ruderal
Aster amellus,dry grassland
Galium verum agg.,dry grassland
Scabiosa canescens,dry grassland
Scabiosa ochroleuca,dry grassland
Stipa eriocaulis,dry grassland
Stipa smirnovii,dry grassland
Stipa species,dry grassland
Thymus pannonicus agg.,dry grassland
Achillea collina,dry grassland
Festuca ovina,dry grassland
Viscaria vulgaris,dry grassland
Plantago lanceolata,dry grassland
Potentilla argentea,dry grassland
Seseli annuum,dry grassland
Anthemis ruthenica,sand
Ornithopus perpusillus,sand
Astragalus arenarius,sand
Achillea setacea,sand
Dianthus arenarius,sand
Dianthus carthusianorum agg.,sand
Festuca ovina,sand
Koeleria macrantha,sand
Plantago lanceolata,sand
Poa pratensis agg.,sand
Veronica prostrata,sand
Filago germanica,sand
Silene conica,sand
Viola tricolor subsp. saxatilis,sand
Achillea ochroleuca,sand
Alkanna tinctoria,sand
Alyssum tortuosum,sand
Dianthus serotinus,sand
Ephedra distachya,sand
Iris arenaria,sand
Bassia laniflora,sand
Minuartia glomerata,sand
Polygonum arenarium,sand
Polygonum bellardii,sand
Silene borysthenica,sand
Erysimum canum,sand
Festuca vaginata subsp. vaginata,sand
Carex liparocarpos,sand
Achillea millefolium,sand
Achillea nobilis,dry grassland
Carduus collinus,dry grassland
Festuca valesiaca s. lat.,dry grassland
Alyssum alyssoides,dry grassland
Bromus squarrosus,dry grassland
Prunus mahaleb,dry grassland
Lithospermum officinale,dry grassland
Onosma tornensis,dry grassland
Poa badensis,dry grassland
Prunella laciniata,dry grassland
Stachys germanica,dry grassland
Cleistogenes serotina,dry grassland
Poa pannonica subsp. scabra,dry grassland
Allium senescens subsp. montanum,dry grassland
Asplenium septentrionale,dry grassland
Hylotelephium telephium agg.,dry grassland
Sempervivum wulfenii,dry grassland
Carex stenophylla,dry grassland
Convolvulus arvensis,dry grassland
Cynodon dactylon,dry grassland
Erodium cicutarium,dry grassland
Festuca brevipila,dry grassland
Festuca pulchra,dry grassland
Scorzonera cana,dry grassland
Veronica praecox,dry grassland
Salvia verticillata,dry grassland
Androsace elongata,dry grassland
Campanula macrostachya,dry grassland
Lathyrus pannonicus,dry grassland
Orobanche coerulescens,dry grassland
Peucedanum cervaria,dry grassland
Aira caryophyllea,dry grassland
Arabidopsis thaliana,dry grassland
Bromus hordeaceus,dry grassland
Cerastium pumilum,dry grassland
Chondrilla juncea,dry grassland
Cruciata pedemontana,dry grassland
Hypochaeris radicata,dry grassland
Anacamptis morio,dry grassland
Pulsatilla pratensis,dry grassland
Saxifraga bulbifera,dry grassland
Verbascum chaixii subsp. austriacum,dry grassland
Vicia hirsuta,dry grassland
Vicia lathyroides,dry grassland
Viola kitaibeliana,dry grassland
Agrostis capillaris,dry grassland
Anthoxanthum odoratum,dry grassland
Dianthus pontederae,dry grassland
Scleranthus annuus,dry grassland
Vicia tetrasperma,dry grassland
Carex praecox,dry grassland
Petrorhagia prolifera,dry grassland
Poa pratensis agg.,dry grassland
Potentilla recta,dry grassland
Bidens tripartita,ruderal
Leersia oryzoides,ruderal
Persicaria hydropiper,ruderal
Persicaria lapathifolia subsp. pallida,ruderal
Ranunculus sceleratus,ruderal
Rumex aquaticus,ruderal
Rumex hydrolapathum,ruderal
Rumex palustris,ruderal
Rumex sanguineus,ruderal
Veronica anagalloides,ruderal
Epilobium roseum,ruderal
Myosotis palustris,ruderal
Rorippa palustris,ruderal
Rumex conglomeratus,ruderal
Veronica anagallis-aquatica,ruderal
Agrostis gigantea,ruderal
Alisma plantago-aquatica,ruderal
Cerastium holosteoides,ruderal
Equisetum arvense,ruderal
Glyceria maxima,ruderal
Juncus bufonius,ruderal
Juncus inflexus,ruderal
Mentha longifolia,ruderal
Plantago lanceolata,ruderal
Ranunculus repens,ruderal
Scirpus sylvaticus,ruderal
Stellaria alsine,ruderal
Veronica beccabunga,ruderal
Vicia cracca,ruderal
Persicaria minor,ruderal
Bidens cernua,ruderal
Galeopsis pubescens,ruderal
Glyceria fluitans,ruderal
Trifolium hybridum,ruderal
Trifolium repens,ruderal
Symphyotrichum novi-belgii,ruderal
Carex acuta,ruderal
Phragmites australis,ruderal
Rumex maritimus,ruderal
Oenanthe aquatica,ruderal
Alopecurus aequalis,ruderal
Cnidium dubium,ruderal
Catabrosa aquatica,ruderal
Bidens radiata,ruderal
Alopecurus geniculatus,ruderal
Epilobium adenocaulon,ruderal
Juncus conglomeratus,ruderal
Juncus effusus,ruderal
Myosotis caespitosa,ruderal
Potentilla norvegica,ruderal
Chenopodium rubrum,ruderal
Chenopodium album,ruderal
Chenopodium strictum,ruderal
Solanum nigrum,ruderal
Persicaria lapathifolia subsp. brittingeri,ruderal
Myricaria germanica,ruderal
Peplis portula,ruderal
Xanthium albinum,ruderal
Rumex stenophyllus,ruderal
Aster trifolium,ruderal
Crypsis aculeata,ruderal
Juncus ranarius,ruderal
Veronica peregrina,ruderal
Poa bulbosa,ruderal
Acinos arvensis,ruderal
Arenaria serpyllifolia,ruderal
Lotus corniculatus,ruderal
Agrostis capillaris,ruderal
Veronica serpyllifolia,ruderal
Amaranthus blitum,ruderal
Bromus arvensis,ruderal
Bromus secalinus,ruderal
Euphorbia peplus,ruderal
Galeopsis bifida,ruderal
Galeopsis tetrahit,ruderal
Veronica hederifolia,ruderal
Lolium temulentum,ruderal
Ranunculus arvensis,ruderal
Mentha arvensis,ruderal
Stellaria graminea,ruderal
Agrostemma githago,ruderal
Trifolium campestre,ruderal
Viola tricolor,ruderal
Kickxia spuria,ruderal
Vicia sativa,ruderal
Rhinanthus alectorolophus,ruderal
Lathyrus pratensis,ruderal
Valerianella locusta,ruderal
Vicia pannonica,ruderal
Euphorbia platyphyllos,ruderal
Geranium dissectum,ruderal
Kickxia elatine,ruderal
Misopates orontium,ruderal
Filago arvensis,ruderal
Lepidium campestre,ruderal
Galeopsis ladanum,ruderal
Agrostis stolonifera,ruderal
Knautia arvensis,ruderal
Valerianella rimosa,ruderal
Rumex crispus,ruderal
Gagea pratensis,ruderal
Holosteum umbellatum,ruderal
Veronica agrestis,ruderal
Vicia sepium,ruderal
Cannabis sativa var. spontanea,ruderal
Diplotaxis muralis,ruderal
Hordeum murinum,ruderal
Centaurea stoebe,ruderal
Anchusa officinalis,ruderal
Potentilla reptans,ruderal
Verbena officinalis,ruderal
Clematis vitalba,ruderal
Tragopogon dubius,ruderal
Malva sylvestris var. sylvestris,ruderal
Avena sativa,ruderal
Artemisia annua,ruderal
Lepidium virginicum,ruderal
Sisymbrium orientale,ruderal
Sinapis alba,ruderal
Xanthium strumarium,ruderal
Dysphania ambrosioides,ruderal
Xanthium spinosum,ruderal
Artemisia monogyna,ruderal
Armoracia rusticana,ruderal
Eragrostis cilianensis,ruderal
Hyoscyamus niger,ruderal
Artemisia campestris,ruderal
Galium parisiense,ruderal
Corispermum pallasii,ruderal
Tragus racemosus,ruderal
Oxalis dillenii,ruderal
Amaranthus crispus,ruderal
Achillea millefolium agg.,ruderal
Taraxacum sect. Taraxacum,ruderal
Equisetum palustre,ruderal
Oenothera biennis,ruderal
Arabidopsis arenosa,ruderal
Erysimum witmannii,ruderal
Hackelia deflexa,ruderal
Bromus pannonicus subsp. monocladus,ruderal
Centaurea scabiosa ssp. alpestris,ruderal
Sisymbrium austriacum,ruderal
Arabis auriculata,ruderal
Draba aizoides,ruderal
Chenopodium foliosum,ruderal
Senecio umbrosus,ruderal
Sisymbrium strictissimum,ruderal
Arabis turrita,ruderal
Papaver alpinum subsp. tatricum,ruderal
Bellidiastrum michelii,ruderal
Calamagrostis varia,ruderal
Cortusa matthioli,ruderal
Crepis jacquinii s.lat.,ruderal
Gymnocarpium robertianum,ruderal
Moehringia muscosa,ruderal
Pinguicula alpina,ruderal
Bromus squarrosus,ruderal
Potentilla supina,ruderal
Rumex obtusifolius,ruderal
Cirsium eriophorum,ruderal
Cynoglossum officinale,ruderal
Marrubium vulgare,ruderal
Marrubium x paniculatum,ruderal
Stachys germanica,ruderal
Xeranthemum annuum,ruderal
Hypericum perforatum,ruderal
Festuca pulchra,ruderal
Medicago minima,ruderal
Sedum acre,ruderal
Ambrosia artemisiifolia,ruderal
Epilobium dodonaei,ruderal
Dipsacus fullonum,ruderal
Erysimum virgatum,ruderal
Medicago sativa,ruderal
Odontites vernus subsp. serotinus,ruderal
Verbascum speciosum,ruderal
Vicia villosa,ruderal
Galeopsis angustifolia,ruderal
Ononis spinosa,ruderal
Potentilla incana,ruderal
Sedum sexangulare,ruderal
Sanguisorba minor,ruderal
Barbarea vulgaris,ruderal
Galium album,ruderal
Equisetum x moorei,ruderal
Leonurus marrubiastrum,ruderal
Sambucus nigra,ruderal
Glechoma hederacea,ruderal
Poa trivialis,ruderal
Festuca ovina,ruderal
Melica transsilvanica,ruderal
Onobrychis arenaria,ruderal
Chondrilla juncea,ruderal
Achillea collina,ruderal
Hylotelephium maximum,ruderal
Festuca pratensis,ruderal
Lamium maculatum,ruderal
Anthriscus caucalis,ruderal
Anthriscus cerefolium var. trichocarpus,ruderal
Asperugo procumbens,ruderal
Bryonia alba,ruderal
Cruciata laevipes,ruderal
Geranium lucidum,ruderal
Geranium pyrenaicum,ruderal
Myosotis sparsiflora,ruderal
Stellaria pallida,ruderal
Physalis alkekengi,ruderal
Veronica sublobata,ruderal
Poa nemoralis,ruderal
Centaurea triumfetti,ruderal
Erysimum odoratum,ruderal
Lactuca quercina,ruderal
Viola hirta,ruderal
Crataegus monogyna,ruderal
Euphorbia cyparissias,ruderal
Salvia pratensis,ruderal
Symphytum tuberosum,ruderal
Geum aleppicum,ruderal
Ajuga reptans,ruderal
Athyrium filix-femina,ruderal
Digitalis grandiflora,ruderal
Dryopteris filix-mas,ruderal
Euphorbia amygdaloides,ruderal
Fagus sylvatica,ruderal
Asarum europaeum,ruderal
Dentaria bulbifera,ruderal
Mercurialis perennis,ruderal
Pulmonaria obscura,ruderal
Vicia dumetorum,ruderal
Chrysosplenium alternifolium,ruderal
Deschampsia cespitosa,ruderal
Myosotis nemorosa,ruderal
Fraxinus angustifolia subsp. danubialis,ruderal
Prunella vulgaris,ruderal
Festuca arundinacea,ruderal
Geranium pratense,ruderal
Poa pratensis,ruderal
Orobanche flava,ruderal
Carex pilosa,ruderal
Scrophularia nodosa,ruderal
Galium verum,ruderal
Salvia verticillata,ruderal
Silene vulgaris,ruderal
Geranium phaeum,ruderal
Alchemilla crinita,ruderal
Epilobium alpestre,ruderal
Milium effusum,ruderal
Myosotis sylvatica,ruderal
Ranunculus acris,ruderal
Fragaria vesca,ruderal
Hypericum maculatum,ruderal
Gnaphalium sylvaticum,ruderal
Rubus hirtus agg.,ruderal
Salix caprea,ruderal
Salix racemosa,ruderal
Senecio hercynicus,ruderal
Sorbus aucuparia,ruderal
Bromus benekenii,ruderal
Acer campestre,ruderal
Arrhenatherum elatius,ruderal
Astragalus glycyphyllos,ruderal
Inula conyzae,ruderal
Securigera varia,ruderal
Stachys alpina,ruderal
Cornus sanguinea,ruderal
Verbascum chaixii subsp. austriacum,ruderal
Clinopodium vulgare,ruderal
Hordelymus europaeus,ruderal
Lonicera xylosteum,ruderal
Origanum vulgare,ruderal
Verbascum nigrum,ruderal
Rubus guentheri,ruderal
Dentaria enneaphyllos,ruderal
Rubus sect. Corylifolii,ruderal
Galium mollugo,ruderal
Adenostyles alliariae,ruderal
Athyrium distentifolium,ruderal
Arabidopsis halleri,ruderal
Gentiana asclepiadea,ruderal
Homogyne alpina,ruderal
Lonicera nigra,ruderal
Luzula sylvatica,ruderal
Salix silesiaca,ruderal
Thalictrum aquilegiifolium,ruderal
Valeriana excelsa subsp. sambucifolia,ruderal
Lysimachia nemorum,ruderal
Campanula glomerata,ruderal
Clematis alpina,ruderal
Galium intermedium,ruderal
Tanacetum clusii,ruderal
Phyteuma spicatum,ruderal
Ranunculus platanifolius,ruderal
Hylotelephium argutum,ruderal
Valeriana tripteris,ruderal
Adoxa moschatellina,ruderal
Agrostis rupestris,ruderal
Ligusticum mutellina,ruderal
Potentilla aurea,ruderal
Vaccinium vitis-idaea,ruderal
Sambucus racemosa,ruderal
Betula pendula,ruderal
Anthoxanthum odoratum,ruderal
Festuca psammophila subsp. dominii,ruderal
Festuca psammophila subsp. psammophila,ruderal
Pilosella officinarum,ruderal
Thymus serpyllum,ruderal
Spergula pentandra agg.,sand
Stipa capillata,sand
Erysimum diffusum agg.,sand
Setaria pumila,sand
Euphorbia seguieriana subsp. seguieriana,sand
Crepis foetida,sand
Centaurea stoebe,sand
Filago arvensis,sand
Poa compressa,sand
Ventenata dubia,sand
Galeopsis ladanum,sand
Aira elegans,sand
Melica ciliata,dry grassland
Potentilla verna agg.,dry grassland
Festuca pseudodalmatica,dry grassland
Sempervivum montanum,dry grassland
Valerianella dentata,dry grassland
Filago arvensis,dry grassland
Agropyron pectinatum,dry grassland
Camelina microcarpa,dry grassland
Marrubium peregrinum,dry grassland
Falcaria vulgaris,dry grassland
Crepis pulchra,dry grassland
Euphorbia glareosa,dry grassland
Potentilla verna,sand
Gypsophila paniculata,sand
Petrorhagia saxifraga,sand
Armeria elongata,sand
Silene latifolia subsp. alba,sand
Holcus lanatus,sand
Setaria viridis,sand
Picea abies,ruderal
Luzula luzuloides,ruderal
Senecio nemorensis agg.,ruderal
Veronica officinalis,ruderal
Mycelis muralis,ruderal
Acer pseudoplatanus,ruderal
Cirsium palustre,ruderal
Rubus sect. Rubus,ruderal
Potentilla erecta,ruderal
Prenanthes purpurea,ruderal
Populus tremula,ruderal
Galium mollugo agg.,ruderal
Glechoma hederacea agg.,ruderal
Alchemilla species,ruderal
Senecio subalpinus,ruderal
Poa pratensis agg.,ruderal
Abutilon theophrasti,ruderal
Duchesnea indica,ruderal
Erechtites hieraciifolius,ruderal
Reynoutria x bohemica,ruderal
Geranium purpureum,ruderal
Juncus tenuis,ruderal
Mimulus guttatus,ruderal
Phytolacca americana,ruderal
Rudbeckia laciniata,ruderal
Ailanthus altissima,ruderal
Alnus alnobetula,ruderal
Amorpha fruticosa,ruderal
Carya spec. div.,ruderal
Fraxinus pennsylvanica,ruderal
Juglans nigra,ruderal
Lycium barbarum,ruderal
Acer negundo,ruderal
Paulownia tomentosa,ruderal
Pinus nigra,ruderal
Populus x canadensis,ruderal
Prunus serotina,ruderal
Pseudotsuga menziesii var. menziesii,ruderal
Quercus rubra,ruderal
Robinia pseudoacacia,ruderal
Syringa vulgaris,ruderal
Alcea biennis,dry grassland
Artemisia scoparia,dry grassland
Astragalus sulcatus,dry grassland
Astragalus vesicarius,dry grassland
Centaurea biebersteinii,dry grassland
Conringia austriaca,dry grassland
Cynoglossum montanum,dry grassland
Erysimum andrzejowskianum,dry grassland
Erysimum durum,dry grassland
Euphrasia pectinata,dry grassland
Hierochloe repens,dry grassland
Hypericum elegans,dry grassland
Lactuca viminea,dry grassland
Minuartia glaucina,dry grassland
Muscari comosum,dry grassland
Muscari neglectum,dry grassland
Muscari tenuiflorum,dry grassland
Nonea pulla,dry grassland
Ornithogalum kochii,dry grassland
Ornithogalum pannonicum,dry grassland
Orobanche artemisiae-campestris,dry grassland
Veronica orchidea,dry grassland
Ranunculus illyricus,dry grassland
Rapistrum perenne,dry grassland
Rhinanthus borbasii,dry grassland
Silene viscosa,dry grassland
Thesium ramosum,dry grassland
Verbascum speciosum,dry grassland
Vinca herbacea,dry grassland
Artemisia alba,dry grassland
Chrysopogon gryllus,dry grassland
Arenaria procera,dry grassland
Astragalus asper,dry grassland
Campanula rapunculus,dry grassland
Carlina biebersteinii subsp. brevibracteata,dry grassland
Crepis pannonica,dry grassland
Knautia arvensis subsp. pannonica,dry grassland
Linum hirsutum subsp. hirsutum,dry grassland
Salvia austriaca,dry grassland
Onosma arenaria,dry grassland
Phelipanche caesia,dry grassland
Salvia aethiopis,dry grassland
Trinia ucrainica,dry grassland
Artemisia austriaca,dry grassland
Botrychium lunaria,dry grassland
Daphne cneorum,dry grassland
Iris arenaria,dry grassland
Festuca psammophila subsp. dominii,dry grassland
Festuca psammophila subsp. psammophila,dry grassland
Gypsophila paniculata,dry grassland
Helichrysum arenarium,dry grassland
Plantago arenaria,dry grassland
Allium flavum,dry grassland
Carex halleriana,dry grassland
Hesperis tristis,dry grassland
Medicago monspeliensis,dry grassland
Cerastium brachypetalum,dry grassland
Cerastium tenoreanum,dry grassland
Minuartia rubra,dry grassland
Scleranthus polycarpos,dry grassland
Globularia cordifolia,dry grassland
Dorycnium germanicum,dry grassland
Festuca stricta,dry grassland
Helianthemum canum,dry grassland
Scorzonera austriaca,dry grassland
Teucrium montanum,dry grassland
Thymus praecox subsp. praecox,dry grassland
Elymus repens,dry grassland
Berteroa incana subsp. incana,dry grassland
Bromus japonicus,dry grassland
Carduus acanthoides,dry grassland
Silene latifolia subsp. alba,dry grassland
Euphorbia virgata,dry grassland
Inula salicina,dry grassland
Peucedanum alsaticum,dry grassland
Xeranthemum annuum,dry grassland
Helictotrichon desertorum,dry grassland
Apera interrupta,dry grassland
Anacamptis coriophora,dry grassland
Biscutella laevigata subsp. laevigata,dry grassland
Blackstonia acuminata,dry grassland
Buphthalmum salicifolium,dry grassland
Carex ornithopoda,dry grassland
Centaurium pulchellum,dry grassland
Epilobium dodonaei,dry grassland
Myosotis ramosissima,dry grassland
Scabiosa columbaria,dry grassland
Teucrium botrys,dry grassland
Thesium alpinum,dry grassland
Thymelaea passerina,dry grassland
Stipa syriaca,dry grassland
Globularia bisnagarica,dry grassland
Drymocallis rupestris,dry grassland
Scabiosa triandra,dry grassland
Centaurea jacea subsp. angustifolia,dry grassland
Cerastium semidecandrum,dry grassland
Scorzoneroides autumnalis,dry grassland
Lotus tenuis,dry grassland
Plantago maritima,dry grassland
Helictotrichon pratense,sand
Saxifraga granulata,sand
Arabidopsis thaliana,sand
Calluna vulgaris,sand
Luzula divulgata,sand
Sedum reflexum,sand
Cytisus procumbens,sand
Antennaria dioica,sand
Bromus hordeaceus,sand
Jovibarba globifera subsp. globifera,sand
Allium moschatum,sand
Anchusa ochroleuca,sand
Astragalus varius,sand
Centaurea arenaria,sand
Colchicum arenarium,sand
Dianthus diutinus,sand
Festuca wagnerii,sand
Linum hirsutum subsp. glabrescens,sand
Peucedanum arenarium,sand
Rindera umbellata,sand
Secale sylvestre,sand
Sedum urvillei,sand
Silene subconica,sand
Tragopogon floccosus,sand
Equisetum ramosissimum,sand
Salsola tragus subsp. tragus,sand
Alyssum montanum subsp. gmelinii,sand
Centaurea scabiosa subsp. sadleriana,sand
Acinos arvensis,sand
Androsace septentrionalis,sand
Arenaria leptoclados,sand
Arenaria serpyllifolia,sand
Dianthus sylvestris,sand
Draba nemorosa,sand
Erodium cicutarium,sand
Holosteum umbellatum,sand
Medicago minima,sand
Minuartia glaucina,sand
Minuartia viscosa,sand
Myosotis ramosissima,sand
Petrorhagia prolifera,sand
Poa bulbosa,sand
Potentilla inclinata,sand
Scleranthus polycarpos,sand
Sedum acre,sand
Sempervivum tectorum,sand
Valerianella locusta,sand
Veronica arvensis,sand
Viola kitaibeliana,sand
Viola tricolor subsp. tricolor,sand
Euphorbia seguieriana,sand
Cerastium pumilum f. subtetrandrum,sand
Bromus japonicus,sand
Bromus squarrosus,sand
Scirpoides holoschoenus,sand
Astragalus onobrychis,sand
Galium verum,sand
Securigera varia,sand
Aira caryophyllea,sand
Aira elegantissima,sand
Anthoxanthum aristatum,sand
Filago lutescens,sand
Moenchia mantica,sand
Myosotis discolor,sand
Trifolium striatum,sand
Sagina apetala,sand
Vulpia bromoides,sand
Poa supina,ruderal
Sagina apetala,ruderal
Herniaria hirsuta,ruderal
Persicaria lapathifolia subsp. lapathifolia,ruderal
Pulicaria vulgaris,ruderal
Bidens connata,ruderal
Bolboschoenus maritimus,ruderal
Cyperus fuscus,ruderal
Galium palustre,ruderal
Juncus articulatus,ruderal
Mentha aquatica,ruderal
Rorippa x anceps,ruderal
Apium repens,ruderal
Brassica nigra,ruderal
Xanthium italicum,ruderal
Xanthium ripicola,ruderal
Senecio vernalis,ruderal
Alopecurus myosuroides,ruderal
Linaria arvensis,ruderal
Thlaspi alliaceum,ruderal
Caucalis platycarpos subsp. platycarpos,ruderal
Lathyrus hirsutus,ruderal
Legousia hybrida,ruderal
Legousia speculum-veneris,ruderal
Melampyrum arvense,ruderal
Nigella arvensis,ruderal
Odontites vernus,ruderal
Rapistrum rugosum,ruderal
Thymelaea passerina,ruderal
Torilis arvensis,ruderal
Adonis flammea,ruderal
Asperula arvensis,ruderal
Caucalis platycarpos subsp. muricata,ruderal
Scandix pecten-veneris,ruderal
Turgenia latifolia,ruderal
Vicia pannonica subsp. striata,ruderal
Arenaria leptoclados,ruderal
Cerastium glomeratum,ruderal
Erucastrum gallicum,ruderal
Fumaria rostellata,ruderal
Fumaria schleicheri,ruderal
Erysimum repandum,ruderal
Androsace maxima,ruderal
Veronica praecox,ruderal
Gagea villosa,ruderal
Muscari neglectum,ruderal
Calendula arvensis,ruderal
Allium oleraceum,ruderal
Allium vineale,ruderal
Ornithogalum umbellatum,ruderal
Tulipa sylvestris,ruderal
Allium scorodoprasum,ruderal
Allium flavum,ruderal
Allium rotundum,ruderal
Muscari tenuiflorum,ruderal
Valerianella carinata,ruderal
Geranium molle,ruderal
Veronica opaca,ruderal
Stachys arvensis,ruderal
Androsace elongata,ruderal
Myosurus minimus,ruderal
Vicia lathyroides,ruderal
Anthoxanthum aristatum,ruderal
Avena nuda,ruderal
Holcus mollis,ruderal
Polycnemum arvense,ruderal
Vicia grandiflora,ruderal
Vicia lutea,ruderal
Lathyrus nissolia,ruderal
Papaver dubium,ruderal
Vicia villosa subsp. villosa,ruderal
Persicaria amphibia,ruderal
Lycopus europaeus,ruderal
Rorippa sylvestris,ruderal
Galeopsis speciosa,ruderal
Iberis pinnata,ruderal
Sideritis montana,ruderal
Teucrium botrys,ruderal
Amaranthus blitoides,ruderal
Amaranthus graecizans,ruderal
Panicum miliaceum subsp. spontaneum,ruderal
Corispermum nitidum,ruderal
Scirpoides holoschoenus,ruderal
Alyssum alyssoides,ruderal
Euphorbia maculata,ruderal
Euphorbia humifusa,ruderal
Oxalis corniculata,ruderal
Myagrum perfoliatum,ruderal
Atriplex littoralis,ruderal
Crypsis schoenoides,ruderal
Lotus tenuis,ruderal
Spergularia marina,ruderal
Crepis pulchra,ruderal
Crepis tectorum,ruderal
Chenopodium opulifolium,ruderal
Chenopodium suecicum,ruderal
Medicago falcata,ruderal
Ballota nigra subsp. nigra,ruderal
Lavatera thuringiaca,ruderal
Poa palustris subsp. xerotica,ruderal
Carduus nutans,ruderal
Lactuca viminea,ruderal
Sisymbrium irio,ruderal
Capsella rubella,ruderal
Lolium rigidum subsp. rigidum,ruderal
Linaria genistifolia,ruderal
Bupleurum pachnospermum,ruderal
Arabis nova,ruderal
Hymenolobus pauciflorus,ruderal
Nepeta cataria,ruderal
Campanula cochleariifolia,ruderal
Kernera saxatilis,ruderal
Primula auricula,ruderal
Sesleria caerulea,ruderal
Silene veselskyi,ruderal
Crepis vesicaria subsp. taraxacifolia,ruderal
Erigeron annuus subsp. annuus,ruderal
Erigeron annuus subsp. septentrionalis,ruderal
Erigeron strigosus,ruderal
Medicago x varia,ruderal
Oenothera glazioviana,ruderal
Oenothera parviflora,ruderal
Oenothera rubricaulis,ruderal
Oenothera villosa,ruderal
Potentilla intermedia,ruderal
Isatis tinctoria,ruderal
Euphorbia esula,ruderal
Orobanche picridis,ruderal
Ballota nigra subsp. foetida,ruderal
Astragalus cicer,ruderal
Peucedanum alsaticum,ruderal
Centaurea scabiosa subsp. scabiosa,ruderal
Anthemis tinctoria,ruderal
Allium senescens subsp. montanum,ruderal
Petrorhagia saxifraga,ruderal
Sedum album,ruderal
Libanotis pyrenaica,ruderal
Ceratocephala falcata,ruderal
Ceratocephala orthoceras,ruderal
Krascheninnikovia ceratoides,ruderal
Allium sphaerocephalon,ruderal
Astragalus vesicarius,ruderal
Echinops ritro subsp. ruthenicus,ruderal
Geranium sibiricum,ruderal
Glechoma hirsuta,ruderal
Bryonia dioica,ruderal
Cynoglossum germanicum,ruderal
Epilobium lamyi,ruderal
Stellaria neglecta,ruderal
Tordylium maximum,ruderal
Arabis glabra,ruderal
Arabis pauciflora,ruderal
Barbarea intermedia,ruderal
Campanula trachelium,ruderal
Cardamine hirsuta,ruderal
Carpesium cernuum,ruderal
Cerastium lucorum,ruderal
Draba muralis,ruderal
Galeobdolon montanum,ruderal
Omphalodes scorpioides,ruderal
Peltaria alliacea,ruderal
Ficaria verna subsp. verna,ruderal
Viola reichenbachiana,ruderal
Festuca gigantea,ruderal
Moehringia trinervia,ruderal
Dipsacus pilosus,ruderal
Leontodon hispidus,ruderal
Lysimachia vulgaris,ruderal
Aethusa cynapioides,ruderal
Symphyotrichum laeve,ruderal
Scrophularia scopolii,ruderal
Lamium orvala,ruderal
Pimpinella major,ruderal
Campanula latifolia,ruderal
Pleurospermum austriacum,ruderal
Ranunculus lanuginosus,ruderal
Euphorbia stricta,ruderal
Alopecurus pratensis,ruderal
Angelica sylvestris,ruderal
Filipendula ulmaria,ruderal
Barbarea stricta,ruderal
Cuscuta lupuliformis,ruderal
Melilotus altissimus,ruderal
Senecio sarracenicus,ruderal
Sonchus palustris,ruderal
Symphyotrichum lanceolatum,ruderal
Symphyotrichum novae-angliae,ruderal
Symphyotrichum salignum,ruderal
Symphyotrichum versicolor,ruderal
Fallopia aubertii,ruderal
Helianthus pauciflorus,ruderal
Rudbeckia hirta,ruderal
Lythrum salicaria,ruderal
Solanum dulcamara,ruderal
Thalictrum flavum,ruderal
Angelica archangelica subsp. archangelica,ruderal
Scrophularia umbrosa,ruderal
Epilobium parviflorum,ruderal
Cirsium erisithales,ruderal
Aconitum napellus agg.,ruderal
Cardamine amara,ruderal
Crepis paludosa,ruderal
Knautia dipsacifolia,ruderal
Saxifraga rotundifolia,ruderal
Veronica urticifolia,ruderal
Vicia sylvatica,ruderal
Adenostyles glabra,ruderal
Dentaria pentaphyllos,ruderal
Luzula nivea,ruderal
Centaurium erythraea,ruderal
Senecio germanicus,ruderal
Bromus ramosus,ruderal
Verbascum lychnitis,ruderal
Poa stiriaca,ruderal
Calluna vulgaris,ruderal
Helianthemum glabrum,ruderal
Silene alpestris,ruderal
Carex brizoides,ruderal
Frangula alnus,ruderal
Teucrium scorodonia,ruderal
Lonicera periclymenum,ruderal
Rubus nessensis,ruderal
Rubus sprengelii,ruderal
Rubus plicatus,ruderal
